Workbook

Sheet Übersicht
A1: Wangerooge West – Landmarkenliste
A2: Version 1.2 vom 11.10.2026 (neue Symbole und Landmarken) · Kartenrahmen UTM32 E 423750–427150, N 5958850–5961650 · Start: Inselheim Rüstringen mit Sternwarte
A4: Status „sicher“ = mindestens zwei unabhängige Quellen. „prüfen“ = nur eine Quelle; in der Karte grau, auf der Feldcheck-Seite als weißer Marker. IDs sind ab Version 1.1 stabil.
A6: Kategorie | B6: sicher | C6: prüfen | D6: gesamt
A7: Unterkunft | B7: =COUNTIFS(Landmarken!$B$2:$B$885,$A7,Landmarken!$E$2:$E$885,"sicher") | C7: =COUNTIFS(Landmarken!$B$2:$B$885,$A7,Landmarken!$E$2:$E$885,"prüfen") | D7: =B7+C7
A8: Bauwerk | B8: =COUNTIFS(Landmarken!$B$2:$B$885,$A8,Landmarken!$E$2:$E$885,"sicher") | C8: =COUNTIFS(Landmarken!$B$2:$B$885,$A8,Landmarken!$E$2:$E$885,"prüfen") | D8: =B8+C8
A9: Gastronomie | B9: =COUNTIFS(Landmarken!$B$2:$B$885,$A9,Landmarken!$E$2:$E$885,"sicher") | C9: =COUNTIFS(Landmarken!$B$2:$B$885,$A9,Landmarken!$E$2:$E$885,"prüfen") | D9: =B9+C9
A10: Historisch | B10: =COUNTIFS(Landmarken!$B$2:$B$885,$A10,Landmarken!$E$2:$E$885,"sicher") | C10: =COUNTIFS(Landmarken!$B$2:$B$885,$A10,Landmarken!$E$2:$E$885,"prüfen") | D10: =B10+C10
A11: Gebäude | B11: =COUNTIFS(Landmarken!$B$2:$B$885,$A11,Landmarken!$E$2:$E$885,"sicher") | C11: =COUNTIFS(Landmarken!$B$2:$B$885,$A11,Landmarken!$E$2:$E$885,"prüfen") | D11: =B11+C11
A12: Einrichtung | B12: =COUNTIFS(Landmarken!$B$2:$B$885,$A12,Landmarken!$E$2:$E$885,"sicher") | C12: =COUNTIFS(Landmarken!$B$2:$B$885,$A12,Landmarken!$E$2:$E$885,"prüfen") | D12: =B12+C12
A13: Gelände | B13: =COUNTIFS(Landmarken!$B$2:$B$885,$A13,Landmarken!$E$2:$E$885,"sicher") | C13: =COUNTIFS(Landmarken!$B$2:$B$885,$A13,Landmarken!$E$2:$E$885,"prüfen") | D13: =B13+C13
A14: Gewässer | B14: =COUNTIFS(Landmarken!$B$2:$B$885,$A14,Landmarken!$E$2:$E$885,"sicher") | C14: =COUNTIFS(Landmarken!$B$2:$B$885,$A14,Landmarken!$E$2:$E$885,"prüfen") | D14: =B14+C14
A15: Vegetation | B15: =COUNTIFS(Landmarken!$B$2:$B$885,$A15,Landmarken!$E$2:$E$885,"sicher") | C15: =COUNTIFS(Landmarken!$B$2:$B$885,$A15,Landmarken!$E$2:$E$885,"prüfen") | D15: =B15+C15
A16: Dünenübergang | B16: =COUNTIFS(Landmarken!$B$2:$B$885,$A16,Landmarken!$E$2:$E$885,"sicher") | C16: =COUNTIFS(Landmarken!$B$2:$B$885,$A16,Landmarken!$E$2:$E$885,"prüfen") | D16: =B16+C16
A17: Durchgang | B17: =COUNTIFS(Landmarken!$B$2:$B$885,$A17,Landmarken!$E$2:$E$885,"sicher") | C17: =COUNTIFS(Landmarken!$B$2:$B$885,$A17,Landmarken!$E$2:$E$885,"prüfen") | D17: =B17+C17
A18: Rettungspunkt | B18: =COUNTIFS(Landmarken!$B$2:$B$885,$A18,Landmarken!$E$2:$E$885,"sicher") | C18: =COUNTIFS(Landmarken!$B$2:$B$885,$A18,Landmarken!$E$2:$E$885,"prüfen") | D18: =B18+C18
... A35: Steilhang | B35: =COUNTIFS(Landmarken!$B$2:$B$885,$A35,Landmarken!$E$2:$E$885,"sicher") | C35: =COUNTIFS(Landmarken!$B$2:$B$885,$A35,Landmarken!$E$2:$E$885,"prüfen") | D35: =B35+C35
A36: Pfade (Luftbild unklar) | B36: 0 | C36: =COUNTA('Pfade prüfen'!A2:A25) | D36: =B36+C36
A37: Summe | B37: =SUM(B7:B36) | C37: =SUM(C7:C36) | D37: =SUM(D7:D36)
A39: Quellen
A40: OpenStreetMap (Abruf 11.10.2026) | B40: © OpenStreetMap-Mitwirkende, ODbL – Wege, Gebäude, Bänke, POIs, Ruhezone I/32
A41: LGLN DGM1 (Befliegung 2022) | B41: LGLN (2026), CC BY 4.0 – Höhenlinien, Gruben/Trichter, Aussichtsdüne
A42: LGLN DOP20 (Befliegung 19.10.2025) | B42: LGLN (2026), CC BY 4.0 – Bank-/Trichterabgleich, Sandflächen, Pfadsichtbarkeit, Lage Sternwarte
A43: aloeus.de, Wikipedia, TracesOfWar, gruppenhaus.de | B43: Zweitquellen für Sternwarte, Westturm, Leuchtturm, Kriegsgräberstätte, Heime
A44: Hinweis | B44: Ruhezonen-Grenze stammt aus OSM (aus der Seekarte übernommen); vor Ort an den Schildern prüfen.

Sheet Landmarken
A1: ID | B1: Kategorie | C1: Typ | D1: Name | E1: Status | F1: Quellen | G1: Breite (WGS84) | H1: Länge (WGS84) | I1: UTM32 Ost (m) | J1: UTM32 Nord (m) | K1: Zone | L1: Notiz | M1: OSM-ID
A2: BU010 | B2: Bahnübergang | C2: crossing | E2: sicher | F2: OSM + Luftbild | G2: 53.791295 | H2: 7.874119 | I2: 425831.8 | J2: 5960889.4 | L2: Weg kreuzt die Inselbahn | M2: n538730564
A3: BU011 | B3: Bahnübergang | C3: level_crossing | E3: sicher | F3: OSM + Luftbild | G3: 53.788773 | H3: 7.850818 | I3: 424292.4 | J3: 5960633.5 | L3: Weg kreuzt die Inselbahn | M3: n538730562
A4: BU012 | B4: Bahnübergang | C4: crossing | E4: sicher | F4: OSM + Luftbild | G4: 53.788325 | H4: 7.890977 | I4: 426937.1 | J4: 5960541.6 | L4: Weg kreuzt die Inselbahn | M4: n613218684
A5: BU013 | B5: Bahnübergang | C5: crossing | E5: sicher | F5: OSM + Luftbild | G5: 53.78749 | H5: 7.893716 | I5: 427116.1 | J5: 5960445.8 | L5: Weg kreuzt die Inselbahn | M5: n325153870
A6: BU014 | B6: Bahnübergang | C6: crossing | E6: sicher | F6: OSM + Luftbild | G6: 53.776531 | H6: 7.867915 | I6: 425397 | J6: 5959253.5 | L6: Weg kreuzt die Inselbahn | M6: n6401369308
A7: BU017 | B7: Bahnübergang | C7: crossing | E7: sicher | F7: OSM + Luftbild | G7: 53.774306 | H7: 7.866822 | I7: 425321 | J7: 5959007.1 | L7: Weg kreuzt die Inselbahn | M7: n4624140713
A8: BK001 | B8: Bank | C8: Bank | E8: prüfen | F8: OSM; im Luftbild unsicher | G8: 53.793185 | H8: 7.870684 | I8: 425608.8 | J8: 5961103.3 | L8: backrest=no | M8: n2322972140
A9: BK002 | B9: Bank | C9: Bank | E9: sicher | F9: OSM + Luftbild | G9: 53.792777 | H9: 7.868116 | I9: 425439 | J9: 5961060.6 | L9: backrest=yes | M9: n2322972139
A10: BK003 | B10: Bank | C10: Bank | E10: prüfen | F10: OSM; im Luftbild unsicher | G10: 53.793028 | H10: 7.870007 | I10: 425564 | J10: 5961086.5 | L10: backrest=yes | M10: n2322975870
A11: BK004 | B11: Bank | C11: Bank | E11: sicher | F11: OSM + Luftbild | G11: 53.792951 | H11: 7.873085 | I11: 425766.6 | J11: 5961074.8 | L11: backrest=yes | M11: n2322975867
A12: BK005 | B12: Bank | C12: Bank | E12: prüfen | F12: OSM; im Luftbild nicht erkennbar | G12: 53.793016 | H12: 7.874719 | I12: 425874.4 | J12: 5961080.3 | L12: backrest=yes, material=wood | M12: n2322975869
A13: BK006 | B13: Bank | C13: Bank | E13: prüfen | F13: OSM; im Luftbild unsicher | G13: 53.792337 | H13: 7.875453 | I13: 425921.5 | J13: 5961003.9 | L13: backrest=no, material=wood | M13: n743377534
... A28: BK021 | B28: Bank | C28: Bank | E28: sicher | F28: OSM + Luftbild | G28: 53.791102 | H28: 7.859397 | I28: 424861.7 | J28: 5960883.5 | L28: backrest=no | M28: n2322176440
A29: BK022 | B29: Bank | C29: Bank | E29: sicher | F29: OSM + Luftbild | G29: 53.790878 | H29: 7.871621 | I29: 425666.5 | J29: 5960845.7 | K29: Ruhezone I/32 | L29: backrest=yes, seats=4 | M29: n12504080887
A30: BK023 | B30: Bank | C30: Bank | E30: sicher | F30: OSM + Luftbild | G30: 53.790873 | H30: 7.871663 | I30: 425669.3 | J30: 5960845.1 | K30: Ruhezone I/32 | L30: backrest=yes, seats=4 | M30: n1431891144
A31: BK024 | B31: Bank | C31: Bank | E31: prüfen | F31: OSM; im Luftbild nicht erkennbar | G31: 53.790965 | H31: 7.880035 | I31: 426220.9 | J31: 5960846.6 | L31: backrest=yes | M31: n1430929569
A32: BK025 | B32: Bank | C32: Bank | E32: prüfen | F32: OSM; im Luftbild unsicher | G32: 53.790988 | H32: 7.883745 | I32: 426465.4 | J32: 5960845.3 | L32: backrest=yes, material=wood | M32: n1430929571
A33: BK026 | B33: Bank | C33: Bank | E33: prüfen | F33: OSM; im Luftbild unsicher | G33: 53.791468 | H33: 7.8887 | I33: 426792.6 | J33: 5960893.5 | L33: backrest=no | M33: n2322997548
A34: BK027 | B34: Bank | C34: Bank | E34: prüfen | F34: OSM; im Luftbild nicht erkennbar | G34: 53.791364 | H34: 7.892359 | I34: 427033.5 | J34: 5960878.2 | L34: backrest=no | M34: n2322997540
A35: BK028 | B35: Bank | C35: Bank | E35: prüfen | F35: OSM; im Luftbild nicht erkennbar | G35: 53.791548 | H35: 7.893575 | I35: 427113.9 | J35: 5960897.5 | L35: backrest=yes | M35: n2319753490
A36: BK029 | B36: Bank | C36: Bank | E36: sicher | F36: OSM + Luftbild | G36: 53.789557 | H36: 7.852876 | I36: 424429.3 | J36: 5960718.5 | L36: backrest=yes, material=plastic | M36: n2322151573
A37: BK030 | B37: Bank | C37: Bank | E37: prüfen | F37: OSM; im Luftbild nicht erkennbar | G37: 53.789972 | H37: 7.854537 | I37: 424539.5 | J37: 5960762.9 | M37: n1431891143
A38: BK031 | B38: Bank | C38: Bank | E38: prüfen | F38: OSM; im Luftbild nicht erkennbar | G38: 53.790307 | H38: 7.856728 | I38: 424684.4 | J38: 5960797.9 | L38: backrest=no | M38: n743377607
A39: BK032 | B39: Bank | C39: Bank | E39: prüfen | F39: OSM; im Luftbild unsicher | G39: 53.790051 | H39: 7.857223 | I39: 424716.6 | J39: 5960768.8 | L39: backrest=yes | M39: n3670463635
A40: BK033 | B40: Bank | C40: Bank | E40: prüfen | F40: OSM; im Luftbild nicht erkennbar | G40: 53.78987 | H40: 7.86656 | I40: 425331.3 | J40: 5960738.8 | K40: Ruhezone I/32 | L40: backrest=yes | M40: n1431891141
A41: BK034 | B41: Bank | C41: Bank | E41: sicher | F41: OSM + Luftbild | G41: 53.790025 | H41: 7.878357 | I41: 426108.7 | J41: 5960743.8 | L41: backrest=yes, check_date=2023-04-10, seats=4 | M41: n1385089137
A42: BK035 | B42: Bank | C42: Bank | E42: sicher | F42: OSM + Luftbild | G42: 53.790017 | H42: 7.878408 | I42: 426112.1 | J42: 5960742.8 | L42: backrest=yes, check_date=2023-04-10, seats=4 | M42: n1385089135
A43: BK036 | B43: Bank | C43: Bank | E43: sicher | F43: OSM + Luftbild | G43: 53.788394 | H43: 7.892281 | I43: 427023.1 | J43: 5960547.9 | L43: backrest=yes, material=wood | M43: n1430929567
A44: BK037 | B44: Bank | C44: Bank | E44: sicher | F44: OSM + Luftbild | G44: 53.788307 | H44: 7.892543 | I44: 427040.3 | J44: 5960537.9 | L44: backrest=yes, material=wood | M44: n2323231690
A45: BK038 | B45: Bank | C45: Bank | E45: prüfen | F45: OSM; im Luftbild nicht erkennbar | G45: 53.786759 | H45: 7.848822 | I45: 424157.2 | J45: 5960411.6 | L45: backrest=yes, check_date=2026-07-24, material=wood, seats=4 | M45: n6549301866
A46: BK039 | B46: Bank | C46: Bank | E46: prüfen | F46: OSM; im Luftbild unsicher | G46: 53.787216 | H46: 7.850913 | I46: 424295.8 | J46: 5960460.2 | L46: backrest=yes | M46: n2322032111
A47: BK040 | B47: Bank | C47: Bank | E47: prüfen | F47: OSM; im Luftbild nicht erkennbar | G47: 53.785959 | H47: 7.849934 | I47: 424229 | J47: 5960321.4 | L47: backrest=yes, material=wood | M47: n2323592758
A48: BK041 | B48: Bank | C48: Bank | E48: prüfen | F48: OSM; im Luftbild nicht erkennbar | G48: 53.785904 | H48: 7.850029 | I48: 424235.2 | J48: 5960315.1 | L48: backrest=yes, material=wood | M48: n2323592756
A49: BK042 | B49: Bank | C49: Bank | E49: prüfen | F49: OSM; im Luftbild nicht erkennbar | G49: 53.785902 | H49: 7.851547 | I49: 424335.2 | J49: 5960313.3 | L49: backrest=no | M49: n2322035378
A50: BK043 | B50: Bank | C50: Bank | E50: prüfen | F50: OSM; im Luftbild unsicher | G50: 53.786718 | H50: 7.860872 | I50: 424951 | J50: 5960394.1 | K50: Ruhezone I/32 | L50: backrest=yes | M50: n743377549
A51: BK044 | B51: Bank | C51: Bank | E51: sicher | F51: OSM + Luftbild | G51: 53.784977 | H51: 7.851307 | I51: 424317.7 | J51: 5960210.7 | L51: backrest=yes | M51: n2323592754
A52: BK045 | B52: Bank | C52: Bank | E52: prüfen | F52: OSM; im Luftbild nicht erkennbar | G52: 53.785244 | H52: 7.854412 | I52: 424522.8 | J52: 5960237.1 | L52: backrest=yes, material=wood, seats=4 | M52: n6549301865
A53: BK046 | B53: Bank | C53: Bank | E53: prüfen | F53: OSM; im Luftbild nicht erkennbar | G53: 53.78464 | H53: 7.85196 | I53: 424360.2 | J53: 5960172.5 | L53: backrest=no, material=wood, seats=5 | M53: n14085387067
A54: BK047 | B54: Bank | C54: Bank | E54: prüfen | F54: OSM; im Luftbild unsicher | G54: 53.784609 | H54: 7.852015 | I54: 424363.7 | J54: 5960169 | L54: backrest=no | M54: n2323592750
A55: BK048 | B55: Bank | C55: Bank | E55: prüfen | F55: OSM; im Luftbild unsicher | G55: 53.784075 | H55: 7.858025 | I55: 424758.7 | J55: 5960103.2 | M55: n14017915761
A56: BK049 | B56: Bank | C56: Bank | E56: prüfen | F56: OSM; im Luftbild nicht erkennbar | G56: 53.784086 | H56: 7.858078 | I56: 424762.2 | J56: 5960104.3 | L56: material=wood | M56: n14017911216
A57: BK050 | B57: Bank | C57: Bank | E57: prüfen | F57: OSM; im Luftbild nicht erkennbar | G57: 53.78407 | H57: 7.858126 | I57: 424765.3 | J57: 5960102.5 | L57: material=wood | M57: n14017911089
A58: BK051 | B58: Bank | C58: Bank | E58: prüfen | F58: OSM; im Luftbild unsicher | G58: 53.784031 | H58: 7.85801 | I58: 424757.6 | J58: 5960098.3 | L58: material=wood | M58: n14017903128
A59: BK052 | B59: Bank | C59: Bank | E59: prüfen | F59: OSM; im Luftbild nicht erkennbar | G59: 53.784016 | H59: 7.858059 | I59: 424760.8 | J59: 5960096.6 | L59: material=wood | M59: n14017912830
A60: BK053 | B60: Bank | C60: Bank | E60: prüfen | F60: OSM; im Luftbild nicht erkennbar | G60: 53.784027 | H60: 7.858119 | I60: 424764.8 | J60: 5960097.7 | L60: material=wood | M60: n14017893549
A61: BK054 | B61: Bank | C61: Bank | E61: prüfen | F61: OSM; im Luftbild nicht erkennbar | G61: 53.781511 | H61: 7.860876 | I61: 424942 | J61: 5959814.9 | K61: Ruhezone I/32 | L61: backrest=yes, material=wood, seats=4 | M61: n2368694042
A62: BK055 | B62: Bank | C62: Bank | E62: prüfen | F62: OSM; im Luftbild unsicher | G62: 53.776333 | H62: 7.867633 | I62: 425378 | J62: 5959231.8 | L62: backrest=yes, check_date=2021-07-22 | M62: n2368694038
A63: BK056 | B63: Bank | C63: Bank | E63: prüfen | F63: OSM; im Luftbild unsicher | G63: 53.776474 | H63: 7.867705 | I63: 425383 | J63: 5959247.4 | L63: backrest=yes, check_date=2021-07-22, material=wood | M63: n8980686839
A64: B001 | B64: Bauwerk | C64: Schutzhütte | E64: prüfen | F64: nur OSM | G64: 53.792499 | H64: 7.864679 | I64: 425212.1 | J64: 5961033.4 | L64: weather_shelter | M64: n2322972136
A65: B002 | B65: Bauwerk | C65: Schutzhütte | E65: prüfen | F65: nur OSM | G65: 53.791195 | H65: 7.878478 | I65: 426118.7 | J65: 5960873.8 | M65: n1430929577
A66: B003 | B66: Bauwerk | C66: Schutzhütte | E66: prüfen | F66: nur OSM | G66: 53.791169 | H66: 7.893537 | I66: 427110.7 | J66: 5960855.3 | M66: n1430929575
A67: B004 | B67: Bauwerk | C67: lighthouse | D67: Neuer Leuchtturm | E67: sicher | F67: OSM + Wikipedia: Leuchtturm hinter Dünen im Westen | G67: 53.790092 | H67: 7.857162 | I67: 424712.6 | J67: 5960773.4 | M67: w165518794
A68: B005 | B68: Bauwerk | C68: Sternwarte | D68: Inselheim Rüstringen - Sternwarte | E68: sicher | F68: OSM + Luftbild + aloeus.de | G68: 53.785587 | H68: 7.851865 | I68: 424355.6 | J68: 5960277.9 | L68: Lage korrigiert: Kuppel im Luftbild sichtbar, 8,6 m östlich vom OSM-Punkt auf dem Nordflügel des Inselheims | M68: n2322038072
A69: B006 | B69: Bauwerk | C69: Schutzhütte | E69: prüfen | F69: nur OSM | G69: 53.783841 | H69: 7.858339 | I69: 424779 | J69: 5960076.8 | L69: weather_shelter | M69: n2011974486
A70: BR006 | B70: Brücke | C70: Brücke | D70: Inselbahn | E70: sicher | F70: OSM + Luftbild | G70: 53.788716 | H70: 7.874579 | I70: 425857.6 | J70: 5960602.1 | K70: Ruhezone I/32 | L70: narrow_gauge-Brücke, 11 m | M70: w112074867
A71: BR007 | B71: Brücke | C71: Brücke | D71: Inselbahn | E71: sicher | F71: OSM + Luftbild | G71: 53.787243 | H71: 7.872445 | I71: 425714.3 | J71: 5960440.4 | K71: Ruhezone I/32 | L71: narrow_gauge-Brücke, 15 m | M71: w112074860
A72: BR008 | B72: Brücke | C72: Brücke | D72: Inselbahn | E72: sicher | F72: OSM + Luftbild | G72: 53.787442 | H72: 7.872732 | I72: 425733.6 | J72: 5960462.2 | K72: Ruhezone I/32 | L72: narrow_gauge-Brücke, 13 m | M72: w112074865
A73: BR009 | B73: Brücke | C73: Durchlass | E73: sicher | F73: OSM + Luftbild | G73: 53.778149 | H73: 7.868529 | I73: 425440.3 | J73: 5959432.9 | K73: Ruhezone I/32 | L73: Rohrdurchlass unter dem Weg | M73: w1363832880
A74: BR010 | B74: Brücke | C74: Brücke | D74: Inselbahn | E74: sicher | F74: OSM + Luftbild | G74: 53.777441 | H74: 7.868473 | I74: 425435.3 | J74: 5959354.1 | K74: Ruhezone I/32 | L74: narrow_gauge-Brücke, 7 m | M74: w120151450
A75: BH014 | B75: Buhne | C75: Buhne (Landseite) | D75: K | E75: sicher | F75: OSM + Luftbild | G75: 53.794265 | H75: 7.883777 | I75: 426473.2 | J75: 5961209.9 | L75: Buhne K, Länge 235 m; Punkt = landseitiges Ende | M75: w48588645
A76: BH015 | B76: Buhne | C76: Buhne (Landseite) | D76: C | E76: sicher | F76: OSM + Luftbild | G76: 53.793542 | H76: 7.857891 | I76: 424766.8 | J76: 5961156.5 | L76: Buhne C, Länge 153 m; Punkt = landseitiges Ende | M76: w48203008
A77: BH016 | B77: Buhne | C77: Buhne (Landseite) | D77: D | E77: sicher | F77: OSM + Luftbild | G77: 53.794007 | H77: 7.866824 | I77: 425356.1 | J77: 5961198.8 | L77: Buhne D, Länge 176 m; Punkt = landseitiges Ende | M77: w48203002
A78: BH017 | B78: Buhne | C78: Buhne (Landseite) | D78: I | E78: sicher | F78: OSM + Luftbild | G78: 53.793938 | H78: 7.875911 | I78: 425954.5 | J78: 5961181.7 | L78: Buhne I, Länge 249 m; Punkt = landseitiges Ende | M78: w48245398
A79: BH018 | B79: Buhne | C79: Buhne (Landseite) | D79: L | E79: sicher | F79: OSM + Luftbild | G79: 53.794118 | H79: 7.891516 | I79: 426982.7 | J79: 5961185.5 | L79: Buhne L, Länge 254 m; Punkt = landseitiges Ende | M79: w391922805
A80: BH019 | B80: Buhne | C80: Buhne (Landseite) | D80: B | E80: sicher | F80: OSM + Luftbild | G80: 53.790698 | H80: 7.85035 | I80: 424265 | J80: 5960848.1 | L80: Buhne B, Länge 296 m; Punkt = landseitiges Ende | M80: w48203044
A81: BH020 | B81: Buhne | C81: Buhne (Landseite) | D81: G | E81: sicher | F81: OSM + Luftbild | G81: 53.790416 | H81: 7.853838 | I81: 424494.2 | J81: 5960813 | L81: Buhne G, Länge 225 m; Punkt = landseitiges Ende | M81: w48203007
A82: BH021 | B82: Buhne | C82: Buhne (Landseite) | D82: F | E82: sicher | F82: OSM + Luftbild | G82: 53.789488 | H82: 7.849267 | I82: 424191.4 | J82: 5960714.6 | L82: Buhne F, Länge 180 m; Punkt = landseitiges Ende | M82: w48203004
A83: BH022 | B83: Buhne | C83: Buhne (Landseite) | D83: B | E83: sicher | F83: OSM + Luftbild | G83: 53.789973 | H83: 7.851137 | I83: 424315.5 | J83: 5960766.7 | L83: Buhne B, Länge 65 m; Punkt = landseitiges Ende | M83: w48203006
A84: BH023 | B84: Buhne | C84: Buhne (Landseite) | D84: E | E84: sicher | F84: OSM + Luftbild | G84: 53.788368 | H84: 7.848101 | I84: 424112.6 | J84: 5960591.4 | L84: Buhne E, Länge 278 m; Punkt = landseitiges Ende | M84: w48202995
A85: BH024 | B85: Buhne | C85: Buhne (Landseite) | D85: H | E85: sicher | F85: OSM + Luftbild | G85: 53.787201 | H85: 7.846631 | I85: 424013.7 | J85: 5960463.1 | L85: Buhne H, Länge 1375 m; Punkt = landseitiges Ende | M85: w48202998
A86: BH025 | B86: Buhne | C86: Buhne (Landseite) | D86: U | E86: sicher | F86: OSM + Luftbild | G86: 53.786553 | H86: 7.848309 | I86: 424123 | J86: 5960389.2 | L86: Buhne U, Länge 255 m; Punkt = landseitiges Ende | M86: w48202999
A87: BH026 | B87: Buhne | C87: Buhne (Landseite) | D87: V | E87: sicher | F87: OSM + Luftbild | G87: 53.784504 | H87: 7.851386 | I87: 424322.1 | J87: 5960157.9 | L87: Buhne V, Länge 284 m; Punkt = landseitiges Ende | M87: w48203000
A88: DG001 | B88: Durchgang | C88: gate | E88: prüfen | F88: nur OSM | G88: 53.793484 | H88: 7.870588 | I88: 425603.1 | J88: 5961136.7 | M88: n12134557254
A89: DG002 | B89: Durchgang | C89: gate | E89: prüfen | F89: nur OSM | G89: 53.792619 | H89: 7.886487 | I89: 426648.8 | J89: 5961023.9 | M89: n13831102167
A90: DG003 | B90: Durchgang | C90: coupure | E90: prüfen | F90: nur OSM | G90: 53.790801 | H90: 7.874513 | I90: 425856.9 | J90: 5960834.1 | M90: n531034570
A91: DG004 | B91: Durchgang | C91: gate | E91: prüfen | F91: nur OSM | G91: 53.78873 | H91: 7.850542 | I91: 424274.1 | J91: 5960628.9 | M91: n5237377557
A92: DG005 | B92: Durchgang | C92: gate | E92: prüfen | F92: nur OSM | G92: 53.788438 | H92: 7.85056 | I92: 424274.8 | J92: 5960596.5 | M92: n12269593015
A93: DG006 | B93: Durchgang | C93: coupure | E93: prüfen | F93: nur OSM | G93: 53.78824 | H93: 7.891017 | I93: 426939.6 | J93: 5960532.1 | M93: n552395097
A94: DG007 | B94: Durchgang | C94: gate | E94: prüfen | F94: nur OSM | G94: 53.788607 | H94: 7.891511 | I94: 426972.8 | J94: 5960572.4 | M94: n12133117625
A95: DG008 | B95: Durchgang | C95: coupure | E95: prüfen | F95: nur OSM | G95: 53.787493 | H95: 7.893542 | I95: 427104.6 | J95: 5960446.3 | M95: n613194183
A96: DG009 | B96: Durchgang | C96: cycle_barrier | E96: prüfen | F96: nur OSM | G96: 53.787534 | H96: 7.893651 | I96: 427111.9 | J96: 5960450.9 | M96: n9943371115
A97: DG010 | B97: Durchgang | C97: cycle_barrier | E97: prüfen | F97: nur OSM | G97: 53.787443 | H97: 7.893765 | I97: 427119.3 | J97: 5960440.6 | M97: n9943371114
A98: DG011 | B98: Durchgang | C98: lift_gate | E98: prüfen | F98: nur OSM | G98: 53.785064 | H98: 7.856032 | I98: 424629.2 | J98: 5960215.3 | M98: n2322047757
A99: DG012 | B99: Durchgang | C99: gate | E99: prüfen | F99: nur OSM | G99: 53.784648 | H99: 7.852006 | I99: 424363.2 | J99: 5960173.3 | M99: n12269593025
... A104: DG017 | B104: Durchgang | C104: gate | E104: prüfen | F104: nur OSM | G104: 53.774537 | H104: 7.865204 | I104: 425214.7 | J104: 5959034.5 | M104: n13897711657
A105: D001 | B105: Dünenübergang | C105: Treppe | E105: sicher | F105: OSM + Luftbild | G105: 53.793441 | H105: 7.890062 | I105: 426885.8 | J105: 5961111.7 | L105: Länge 55 m, wood | M105: w995236394
A106: D002 | B106: Dünenübergang | C106: Treppe | E106: sicher | F106: OSM + Luftbild | G106: 53.793709 | H106: 7.89006 | I106: 426886.1 | J106: 5961141.5 | L106: Länge 42 m, wood | M106: w1270795370
A107: D003 | B107: Dünenübergang | C107: Treppe | E107: sicher | F107: OSM + Luftbild | G107: 53.793536 | H107: 7.892255 | I107: 427030.4 | J107: 5961120 | L107: Länge 12 m, concrete | M107: w223399412
A108: D004 | B108: Dünenübergang | C108: Treppe | E108: sicher | F108: OSM + Luftbild | G108: 53.792643 | H108: 7.886456 | I108: 426646.8 | J108: 5961026.6 | L108: Länge 2 m, unhewn_cobblestone | M108: w1514018344
A109: D005 | B109: Dünenübergang | C109: Treppe | E109: sicher | F109: OSM + Luftbild | G109: 53.791989 | H109: 7.89311 | I109: 427084 | J109: 5960946.9 | L109: Länge 3 m, | M109: w1310761590
A110: D006 | B110: Dünenübergang | C110: Treppe | E110: sicher | F110: OSM + Luftbild | G110: 53.790996 | H110: 7.868503 | I110: 425461.3 | J110: 5960862 | K110: Ruhezone I/32 | L110: Länge 6 m, concrete | M110: w42478892
A111: D007 | B111: Dünenübergang | C111: Treppe | E111: sicher | F111: OSM + Luftbild | G111: 53.790321 | H111: 7.85701 | I111: 424703.1 | J111: 5960799.1 | L111: Länge 22 m, concrete | M111: w43548566
A112: D008 | B112: Dünenübergang | C112: Treppe | E112: sicher | F112: OSM + Luftbild | G112: 53.789819 | H112: 7.866378 | I112: 425319.3 | J112: 5960733.3 | K112: Ruhezone I/32 | L112: Länge 6 m, concrete | M112: w1248237258
A113: D009 | B113: Dünenübergang | C113: Treppe | E113: sicher | F113: OSM + Luftbild | G113: 53.787778 | H113: 7.862865 | I113: 425084.2 | J113: 5960510 | K113: Ruhezone I/32 | L113: Länge 6 m, concrete | M113: w1248237259
A114: D010 | B114: Dünenübergang | C114: Treppe | E114: sicher | F114: OSM + Luftbild | G114: 53.786681 | H114: 7.860759 | I114: 424943.5 | J114: 5960390.2 | K114: Ruhezone I/32 | L114: Länge 7 m, concrete | M114: w1248237260
A115: D011 | B115: Dünenübergang | C115: Treppe | E115: sicher | F115: OSM + Luftbild | G115: 53.776227 | H115: 7.867388 | I115: 425361.6 | J115: 5959220.2 | L115: Länge 5 m, metal | M115: w1188477290
A116: D012 | B116: Dünenübergang | C116: Treppe | E116: sicher | F116: OSM + Luftbild | G116: 53.776067 | H116: 7.867504 | I116: 425369 | J116: 5959202.3 | L116: Länge 6 m, wood | M116: w993926336
A117: D013 | B117: Dünenübergang | C117: Treppe | E117: sicher | F117: OSM + Luftbild | G117: 53.776533 | H117: 7.868259 | I117: 425419.6 | J117: 5959253.3 | L117: Länge 5 m, wood | M117: w1363812311
A118: D014 | B118: Dünenübergang | C118: Treppe | E118: sicher | F118: OSM + Luftbild | G118: 53.775693 | H118: 7.867421 | I118: 425362.9 | J118: 5959160.8 | L118: Länge 8 m, wood | M118: w993926340
...

Sheet Pfade prüfen
A1: ID | B1: Wegtyp | C1: Info | D1: Quelle
A2: PF30127227 | B2: footway | D2: OSM; im Luftbild kaum sichtbar
A3: PF30127231 | B3: path | D3: OSM; im Luftbild kaum sichtbar
A4: PF43617471 | B4: path | D4: OSM; im Luftbild kaum sichtbar
A5: PF48203017 | B5: path | D5: OSM; im Luftbild kaum sichtbar
A6: PF60164676 | B6: footway | D6: OSM; im Luftbild kaum sichtbar
A7: PF81160977 | B7: path | D7: OSM; im Luftbild kaum sichtbar
A8: PF92511947 | B8: path | D8: OSM; im Luftbild kaum sichtbar
A9: PF181836894 | B9: footway | D9: OSM; im Luftbild kaum sichtbar
A10: PF223395862 | B10: path | D10: OSM; im Luftbild kaum sichtbar
A11: PF223421449 | B11: footway | D11: OSM; im Luftbild kaum sichtbar
A12: PF223421453 | B12: path | D12: OSM; im Luftbild kaum sichtbar
A13: PF223424291 | B13: path | D13: OSM; im Luftbild kaum sichtbar
... A25: PF1548445399 | B25: path | D25: OSM; im Luftbild kaum sichtbar
